,order_id,score,error
1547,236832828771803136,825.19,
957,236864006979604480,817.55,
767,236869939780653056,794.56,
1516,236556975219421184,793.6,
994,236773996586602496,792.96,
1370,236792833994407936,784.73,
1428,236457327871930368,781.34,
539,236459361656385536,780.31,
1098,236845901519790080,779.95,
417,236424127510482944,779.12,
593,236909775614914560,778.04,
267,236817478042791936,777.17,
590,236758124648222720,777.16,
1224,236433993121685504,776.86,
572,236469931780620288,776.51,
1458,236925182073659392,776.25,
272,236431722627469312,774.92,
516,236798402859913216,773.2,
1448,236419645338828800,772.19,
796,236795084494344192,771.07,
881,236601517658349568,769.14,
1353,236942438191075328,769.13,
1075,236444641847169024,767.39,
337,236916317185642496,764.82,
911,236796086907838464,764.05,
204,236831753666834432,763.66,
167,236923490666024960,763.28,
868,236465483083681792,762.82,
1088,236601048022134784,762.02,
866,236771522026934272,761.98,
519,236876146226507776,761.77,
813,236980513759842304,761.47,
995,236934696894218240,761.17,
912,236452721603383296,760.9,
1137,236811611272646656,759.2,
208,236879657970438144,758.28,
268,236420383318220800,757.55,
790,236479270188748800,757.42,
1063,236889690162618368,757.29,
647,236480994727170048,757.24,
1597,236848784864718848,756.32,
6,236499821561135104,756.16,
779,236413591922155520,755.7,
755,236774709626691584,755.48,
672,236629252673900544,755.21,
191,236786088983150592,754.61,
107,236790122515288064,754.33,
27,236854055800414208,754.25,
1154,236413216263507968,754.19,
898,236436303973462016,754.01,
473,236883702642647040,753.89,
1694,236516021229854720,753.84,
1522,236808010307493888,753.8,
318,236472166656774144,753.66,
91,236444172479377408,753.54,
396,236788217403686912,753.42,
594,236416055572434944,753.23,
914,236592658256510976,752.95,
1136,236856465931386880,752.52,
683,236872141677023232,752.33,
824,236682644398039040,752.09,
1133,236865222597939200,752.02,
212,236952657143025664,751.86,
596,236837638858362880,751.81,
1043,236281088095817728,751.11,
1429,236415855432839168,750.91,
660,236797285300187136,750.37,
223,236841612764274688,750.1,
282,236842370154909696,749.46,
397,236790886155423744,749.2,
932,236788401382633472,749.16,
1219,236479149279567872,748.6,
262,236782277841412096,748.52,
1002,236469775702179840,748.39,
1121,236962495931629568,748.36,
127,236776205596499968,748.35,
293,236820593257226240,748.15,
41,236998813994725376,747.13,
52,236999691585740800,746.85,
1382,236768922942590976,746.32,
1194,236862297888796672,746.17,
1719,236796363245367296,745.84,
1286,236436479437987840,745.29,
675,236490559992635392,745.23,
1169,236771977599668224,744.42,
1699,236681448002170880,744.15,
55,236648541527232512,744.08,
1497,236443825295859712,744.06,
75,236804903339040768,743.85,
298,236916476804083712,743.81,
1661,236861338399809536,743.73,
742,236827300788199424,743.25,
1339,236849140952739840,743.17,
287,236924151130501120,743.15,
1674,236980893688279040,743.04,
1147,236400038922174464,743.01,
705,236777823465398272,742.97,
1474,236843737078566912,742.67,
1014,236896679672426496,742.63,
1427,236872605864833024,742.25,
536,236879040875089920,741.69,
1345,236813058987012096,741.55,
182,236845676210180096,741.17,
1413,236957551031758848,740.88,
207,236559555211317248,740.75,
310,236887719116546048,740.54,
1183,236477151662596096,739.91,
1290,236554837990846464,739.71,
54,236784286422278144,739.53,
1315,236935261548191744,739.46,
353,236565580500975616,739.41,
447,236512997317025792,739.38,
148,236550579518185472,739.15,
1697,236536866341933056,739.15,
625,236885947513835520,738.97,
562,236861462106615808,738.89,
488,236588182556659712,738.79,
1609,236948918189432832,738.78,
745,236465553833205760,738.74,
1659,236517200299040768,738.46,
709,236885038603976704,738.37,
1321,236814114814976000,738.02,
861,236917715092643840,737.76,
399,236469600845836288,737.71,
1102,236956146812329984,737.57,
1732,236465219895316480,736.97,
698,236895461688492032,736.16,
1733,236560899888398336,735.76,
126,236559615596699648,735.73,
1093,236420898097729536,735.63,
1737,236778928723214336,735.55,
1148,236489225524490240,734.64,
874,236565583806083072,734.33,
1566,236881141739036672,734.31,
1691,236856984301223936,734.3,
600,236438761202274304,733.91,
942,236537197763248128,733.88,
1401,236504639923052544,733.41,
1613,236797773944987648,733.4,
463,236446773623136256,733.02,
1304,236553431749767168,733.0,
8,236918924784439296,732.96,
662,236482734352510976,732.77,
978,236423595601436672,732.7,
136,236408047920504832,731.35,
164,236605243571851264,731.19,
12,236424455190491136,731.1,
602,236425573157060608,730.94,
673,236817036512600064,730.19,
975,236442767341395968,730.13,
1094,236953076380475392,730.03,
1338,236579779914522624,730.03,
121,236493355076829184,730.02,
1519,236681036368977920,729.95,
845,236544119463759872,729.74,
1265,236814660997226496,729.57,
487,236786770935042048,729.42,
130,236902884335685632,729.07,
106,236798537748733952,729.07,
1646,236684105857114112,729.06,
962,236864928162009088,729.04,
1152,236771707067056128,729.0,
444,236418860983005184,728.94,
1684,236850520463515648,728.79,
714,236412646727368704,728.63,
1693,236957254007926784,728.62,
719,236963199266074624,728.32,
830,236876763087003648,728.25,
1622,236825891808235520,728.22,
552,236872966696615936,728.2,
1725,236830372587384832,728.12,
988,236871355005947904,728.11,
69,236637746806415360,728.11,
917,236866815858843648,728.04,
1058,236470677599182848,728.03,
475,236838583503704064,727.86,
34,236869909489410048,727.7,
659,236843706732785664,727.68,
350,236941051600318464,726.96,
613,236429222725836800,726.8,
414,236439013707751424,726.79,
555,236624559369375744,726.67,
301,236592105694715904,726.6,
1543,236785031569739776,726.54,
445,236739324137713664,726.37,
28,236501915437375488,726.28,
1041,236963703673077760,726.25,
1020,236849484319440896,726.23,
644,236844417436626944,725.53,
1354,236962623019028480,725.46,
1510,236432408052248576,725.3,
916,236442544451899392,725.19,
424,236783290803560448,724.93,
1473,236488071931506688,724.74,
1524,236866127548387328,724.71,
1548,236572537370722304,724.64,
732,236442215161282560,724.47,
725,236514017661161472,724.47,
643,236804442263412736,724.15,
769,236933562846699520,724.09,
1457,236422455832879104,724.08,
472,236880559435427840,723.96,
391,236447789315809280,723.66,
696,236465560133066752,723.53,
1065,236454639721537536,723.48,
1220,236419152281604096,723.37,
1099,236459829199654912,723.31,
908,236887043749732352,723.3,
1488,236512092450471936,723.21,
278,236433734207291392,723.14,
1577,236414128218447872,722.88,
1526,236793544949911552,722.68,
1417,236438580994002944,722.65,
1298,236630803433926656,722.64,
317,236452174414499840,722.62,
368,236942270523793408,722.56,
1664,236553638239555584,722.53,
1440,236574521263931392,722.53,
818,236837303037206528,722.5,
471,236796207091425280,722.48,
1409,236754140650815488,722.45,
211,236415293530329088,722.2,
1197,236544729080676352,722.1,
1500,236902825904840704,721.89,
629,236507097365749760,721.45,
1251,236827467327225856,721.3,
1347,236603479615344640,721.28,
436,236420310496710656,720.8,
1270,236423823326973952,720.77,
199,236855573442203648,720.5,
703,236419617308299264,720.45,
362,236779255186874368,720.24,
926,236523047989297152,720.2,
1356,236787553990619136,720.18,
1420,236416610776662016,720.08,
699,236777269758537728,720.06,
1726,236860334216318976,720.05,
1151,236935898721689600,720.02,
653,236459057401585664,719.89,
478,236942818488631296,719.69,
1110,236981269820878848,719.68,
1250,236858819422478336,719.6,
680,236884660965621760,719.5,
341,236507240701902848,719.28,
1720,236920257985925120,719.27,
980,236793694095163392,719.18,
50,236775557526212608,719.15,
1554,236501517775429632,719.07,
1248,236384765213167616,719.02,
688,236977512533999616,718.86,
1472,236967956978360320,718.62,
945,236538071776505856,718.61,
690,236503251436445696,718.28,
84,236950544308514816,718.25,
1392,236308373993697280,718.21,
1199,236449304784936960,717.9,
25,236440270946193408,717.69,
150,236846186141081600,717.67,
1134,236789877236576256,717.4,
73,236425082939387904,717.39,
1129,236933366322569216,717.28,
1414,236520627599060992,717.25,
1362,236885450623041536,717.25,
493,236818613222780928,717.23,
927,236782520075030528,717.19,
694,236484202006581248,717.13,
1246,236487191664537600,717.04,
244,236968796350844928,716.96,
1269,236918337607057408,716.81,
30,236376981901950976,716.66,
1327,236830475746304000,716.62,
1245,236426658391281664,716.58,
1397,236802191708938240,716.39,
1068,236475083648409600,716.32,
1309,236417122855043072,716.29,
844,236759448622206976,716.28,
1712,236413666115203072,716.22,
857,236476480204849152,716.19,
1328,236424145520824320,716.16,
1679,236386147957751808,716.13,
306,236867060785238016,716.09,
695,236501413953802240,715.92,
248,236579010507182080,715.66,
750,236862387252629504,715.59,
1721,236987509791793152,715.37,
1490,236886865483423744,715.29,
571,236452605320519680,715.19,
1030,236791157954711552,715.15,
1538,236840159228211200,715.15,
760,236756614606491648,715.12,
924,236414846476238848,714.85,
124,236420632023674880,714.73,
1259,236445921562869760,714.71,
1662,236483305264390144,714.57,
333,236645834879938560,714.56,
1461,236815003390857216,714.42,
1162,236436729884069888,714.36,
503,236919726580187136,714.33,
1529,236986278868443136,714.28,
1190,236647092206456832,714.28,
1660,236498130346455040,714.13,
1685,236795231227887616,713.97,
1404,236424697424130048,713.79,
17,236620065042608128,713.75,
252,236635680935526400,713.73,
170,236456183443509248,713.71,
786,236478847851712512,713.65,
697,236537166234660864,713.49,
1173,236781301843644416,713.2,
1465,236462909559410688,713.15,
739,236493093146726400,713.14,
623,236553339139534848,713.05,
356,236433698882850816,712.9,
1078,236940560694779904,712.61,
1369,236904807348584448,712.49,
320,236793048172355584,712.42,
1177,236567738612985856,712.3,
773,236589342818578432,712.23,
1062,236424784770523136,712.21,
999,236749549024591872,712.06,
522,236289172658724864,711.91,
1531,236481722271154176,711.85,
1479,236464680587497472,711.79,
904,236401739855048704,711.76,
1689,236545208326053888,711.69,
1161,236427810822447104,711.64,
265,236977810480582656,711.64,
373,236869861942759424,711.5,
622,236437887159635968,711.45,
953,236445350873292800,711.27,
1288,236527819337240576,711.24,
1006,236465364032573440,711.17,
840,236919515480866816,710.94,
1592,236478838204805120,710.93,
273,236423516220055552,710.9,
442,236485784672673792,710.89,
1484,236528083729387520,710.72,
221,236936910933090304,710.53,
1647,236807824315269120,710.48,
758,236862739356078080,710.35,
1160,236864267454255104,710.31,
1671,236904645255503872,710.3,
113,236946935529353216,710.19,
279,236657426740830208,710.04,
565,236489834491297792,710.03,
1307,236699701898395648,709.86,
1300,236935665015087104,709.73,
179,236397651562090496,709.53,
1255,236864393581170688,709.47,
258,236472700650393600,709.39,
1715,236508149930541056,709.29,
566,236441994335379456,709.23,
1302,236882190973538304,709.13,
1280,236823917347999744,708.32,
1483,236570033283141632,708.29,
143,236846124304457728,708.28,
657,236585663377969152,708.24,
1216,236444614810681344,708.22,
1637,236818334301577216,708.1,
585,236818188885037056,708.02,
172,236897646790840320,707.99,
1000,236805196692860928,707.99,
1023,236836312132894720,707.98,
1670,236505014201765888,707.67,
1235,236535972770627584,707.55,
1026,236421393365356544,707.54,
117,236985477022363648,707.49,
147,236599649473417216,707.47,
334,236886467456557056,707.45,
404,236945040853192704,707.28,
816,236547196174483456,707.27,
1724,236527686444912640,707.25,
573,236888728727461888,707.23,
900,236859258310242304,707.22,
787,236870519001460736,706.96,
1365,236501605264412672,706.31,
1017,236823137236828160,706.16,
90,236486062914420736,706.15,
283,236788075053211648,706.08,
706,236977473673781248,705.93,
1400,236485272971776000,705.78,
751,236432958101671936,705.53,
1348,236399684759339008,705.5,
1379,236821408860626944,705.29,
1635,236867053780746240,705.26,
1688,236859045877125120,705.26,
831,236556044029419520,705.23,
241,236585930513207296,705.21,
452,236982061931958272,705.07,
1261,236826052517171200,705.02,
1025,236924209255157760,704.99,
1672,236464141430697984,704.98,
1716,236847497033043968,704.91,
22,236845041918160896,704.76,
496,236816245458485248,704.76,
102,236776360462798848,704.71,
230,236406378734292992,704.6,
465,236629112143757312,704.57,
700,236494319359909888,704.56,
1595,236893995145891840,704.55,
403,236784607173287936,704.48,
1230,236604702867337216,704.46,
1358,236722098227654656,704.35,
174,236773480213262336,704.32,
201,236796963471241216,704.31,
20,236516455172550656,704.25,
527,236878086817714176,704.1,
1624,236468586692485120,704.05,
303,236944683104223232,703.97,
1186,236449214850674688,703.94,
235,236884431793037312,703.85,
26,236521393604804608,703.83,
558,236527090291724288,703.78,
256,236536379509059584,703.62,
1061,236893244042526720,703.62,
1582,236921770422579200,703.6,
1389,236786079608881152,703.51,
1367,236861656571334656,703.4,
1556,236933099262861312,703.16,
584,236620421013188608,703.01,
1004,236904615069093888,702.95,
1292,236477480600870912,702.87,
1040,236966774696321024,702.79,
261,236900382341095424,702.76,
1126,236784098769117184,702.66,
1350,236397514211201024,702.65,
1262,236380965349888000,702.65,
129,236523860212064256,702.59,
847,236607928429711360,702.59,
968,236857443636236288,702.43,
322,236438619787116544,702.38,
1095,236453661953769472,702.35,
1482,236977041396228096,702.27,
1368,236892985404956672,702.2,
162,236437903358054400,702.12,
1707,236856858400788480,702.09,
319,236876479338127360,702.01,
236,236340212007456768,701.96,
834,236455249543962624,701.85,
237,236865203648077824,701.71,
1185,236527086000951296,701.62,
1652,236976424212774912,701.54,
1642,236482879706116096,701.39,
1200,236851834840944640,701.35,
1680,236633976286482432,701.3,
1227,236422926760955904,701.18,
886,236927898871156736,701.17,
134,236426658848444416,701.13,
597,236874457184481280,701.08,
783,236861196389068800,700.67,
321,236782863001341952,700.38,
514,236812969371521024,700.33,
640,236433737067794432,700.33,
746,236864564025110528,700.31,
839,236412245428936704,700.22,
577,236302444111859712,700.12,
1115,236494532522815488,700.05,
891,236467076067758080,699.99,
967,236444329920966656,699.97,
216,236897404251033600,699.96,
1038,236822324435230720,699.87,
101,236560123627585536,699.82,
1632,236451731923804160,699.8,
1610,236841120906629120,699.8,
271,236438534785343488,699.68,
1181,236835457606361088,699.64,
388,236970710958358528,699.49,
1619,236822214204739584,699.48,
997,236598753066770432,699.41,
810,236590232178790400,699.27,
1007,236490086837403648,699.17,
176,236421144588591104,699.05,
227,236448653824761856,698.98,
19,236784370459348992,698.85,
661,236650629942489088,698.71,
1310,236430604476354560,698.67,
1305,236933152773783552,698.67,
820,236870543848525824,698.63,
1419,236417641883385856,698.62,
1124,236792380397207552,698.6,
899,236469955457474560,698.49,
1453,236536383032266752,698.44,
778,236866100558061568,698.42,
1240,236784275089272832,698.41,
280,236433340928372736,698.38,
1172,236550868790951936,698.37,
800,236912568048308224,698.32,
1564,236415488607395840,698.26,
829,236933704605786112,698.26,
1605,236567490507325440,698.24,
1165,236844528535363584,698.12,
618,236840864244580352,698.09,
1303,236533988718043136,697.94,
1033,236416327677919232,697.88,
976,236481296683511808,697.88,
941,236811806521704448,697.81,
529,236540468846399488,697.77,
98,236790834846523392,697.61,
851,236443523163377664,697.57,
1051,236419762062110720,697.53,
626,236611341888540672,697.48,
239,236519482310795264,697.44,
123,236489593251704832,697.44,
1297,236441729104367616,697.22,
250,236788389567283200,697.14,
1574,236495572311740416,697.13,
1563,236423913257058304,697.11,
352,236412796984111104,697.09,
65,236919448992747520,697.05,
610,236902089477345280,697.01,
1561,236869474275827712,696.98,
605,236451502331797504,696.97,
1070,236606574663589888,696.91,
335,236813490819981312,696.89,
1423,236951366811541504,696.85,
586,236900669088882688,696.83,
1430,236886770499207168,696.67,
1675,236559619602276352,696.66,
1214,236866367793938432,696.53,
1211,236733580575268864,696.41,
1052,236804258657755136,696.41,
735,236599772383305728,696.08,
110,236432506945540096,696.07,
616,236820768293928960,696.01,
1711,236518771820875776,695.89,
389,236873225652953088,695.78,
1606,236509867514806272,695.65,
1019,236485666619805696,695.64,
183,236918591354048512,695.63,
1639,236814304783388672,695.62,
340,236796527762747392,695.55,
1225,236466667706130432,695.52,
743,236933091264303104,695.49,
884,236857359456555008,695.24,
895,236870096664416256,694.95,
1534,236437429435248640,694.93,
1295,236413319669886976,694.83,
1446,236780161173299200,694.8,
764,236881617893208064,694.8,
543,236778747340537856,694.55,
1237,236559491856347136,694.47,
870,236583883197915136,694.45,
1525,236928630982709248,694.34,
1283,236592044940214272,694.23,
864,236968822485561344,693.95,
1168,236871030907875328,693.91,
634,236804924402847744,693.85,
1164,236430217887354880,693.73,
652,236673152637739008,693.7,
119,236826535956856832,693.66,
231,236467664138559488,693.5,
1067,236535106260975616,693.3,
747,236455358163853312,693.21,
346,236557112176021504,693.18,
481,236455232443789312,693.17,
846,236669840165195776,693.17,
14,236496657063624704,693.12,
1091,236512334847680512,693.05,
1629,236853579893714944,693.03,
727,236933087464275968,692.97,
1627,236891351861960704,692.95,
803,236456141466902528,692.87,
1558,236710264548380672,692.76,
836,236944040591364096,692.7,
559,236482657437356032,692.68,
1541,236810941383593984,692.54,
1431,236832610303086592,692.49,
534,236428194374758400,692.22,
1656,236783545943072768,692.21,
1487,236786699686387712,692.16,
316,236448873816023040,691.91,
171,236483964437028864,691.78,
574,236838629976588288,691.71,
1208,236453525173313536,691.53,
1174,236530929757593600,691.51,
793,236519562782720000,691.48,
184,236455362320404480,691.46,
1540,236885519136993280,691.34,
76,236887961685729280,691.32,
506,236878663035400192,691.29,
291,236461963567710208,691.14,
1105,236795379676889088,691.07,
62,236457944979881984,691.06,
579,236786463853252608,691.01,
1485,236833390007422976,690.92,
1403,236903009250463744,690.9,
1576,236858546788524032,690.89,
1740,236587810861621248,690.79,
360,236884592288079872,690.75,
1567,236422023366594560,690.73,
432,236520505339293696,690.62,
48,236407533937905664,690.6,
1195,236422915729940480,690.6,
1539,236979385638862848,690.6,
1450,236842144853667840,690.34,
139,236841735397318656,690.24,
1616,236475521928011776,690.17,
93,236299281388560384,690.16,
1444,236844825177501696,690.09,
537,236518772374511616,690.05,
116,236833551156789248,690.0,
263,236432971171106816,689.96,
919,236558970198188032,689.95,
1384,236804790780715008,689.75,
1449,236457369533947904,689.74,
989,236456392860917760,689.7,
446,236810083367391232,689.66,
438,236895439571922944,689.65,
915,236500920166780928,689.64,
1187,236782894374731776,689.58,
721,236428434058252288,689.57,
1320,236820585120284672,689.37,
544,236846379758530560,689.3,
677,236877708705406976,689.13,
715,236829518710976512,689.05,
1156,236944852939968512,688.91,
1511,236437652857446400,688.87,
763,236856726846451712,688.85,
1157,236487455586926592,688.84,
47,236294373465665536,688.58,
1372,236487199642107904,688.57,
1312,236485854163918848,688.45,
501,236502174267879424,688.44,
1469,236444600654893056,688.39,
1223,236753010109726720,688.32,
1024,236480606447886336,688.3,
344,236663410712383488,688.18,
285,236795788655075328,688.17,
1617,236786457985425408,688.01,
1710,236469261623123968,687.98,
295,236891070759706624,687.92,
946,236559293029564416,687.91,
998,236574643582418944,687.86,
153,236878320872464384,687.78,
300,236460646765965312,687.64,
1411,236434826697662464,687.55,
192,236454269544837120,687.5,
133,236499962028380160,687.5,
704,236493707926855680,687.41,
109,236901445030912000,687.34,
961,236785118769324032,687.32,
701,236512738125828096,687.26,
674,236967201533874176,687.23,
1644,236673567169200128,687.22,
744,236633739715170304,687.18,
1016,236801835314716672,687.12,
627,236784936015106048,687.05,
492,236571955037736960,687.0,
903,236562975502643200,686.94,
1206,236832726812479488,686.93,
1528,236484174865260544,686.84,
648,236535623745818624,686.71,
1217,236571131188355072,686.63,
1106,236933596900249600,686.53,
1122,236666556360704000,686.52,
815,236471261106561024,686.51,
311,236514024883769344,686.37,
955,236719133395800064,686.28,
449,236552168983240704,686.2,
215,236469208007319552,686.07,
281,236423170043166720,686.05,
1422,236518786190565376,686.03,
1146,236503765414854656,686.0,
617,236824093840134144,685.93,
938,236767468626391040,685.85,
1729,236419476157382656,685.83,
387,236938985175793664,685.73,
94,236670925110005760,685.66,
1456,236895672896856064,685.61,
1349,236553142233751552,685.54,
621,236557125102866432,685.44,
1432,236607912910802944,685.43,
702,236767450838343680,685.39,
288,236515887486099456,685.38,
671,236905536192798720,685.25,
1003,236793389072797696,685.2,
486,236521314240176128,685.2,
638,236525084172898304,685.2,
186,236397842025418752,685.2,
1520,236430965769519104,685.07,
1638,236520335033765888,685.04,
1480,236503164136210432,685.03,
218,236898993166639104,685.0,
1285,236832327049166848,684.95,
1383,236429509029027840,684.92,
639,236478174703665152,684.64,
137,236856703001837568,684.6,
806,236870343163654144,684.45,
1036,236431629992087552,684.4,
1042,236820099151433728,684.38,
159,236894751253090304,684.38,
740,236430391695134720,684.16,
1193,236833851779325952,684.13,
507,236494204977029120,684.11,
1636,236364252168339456,684.11,
1209,236888778450939904,684.05,
748,236650459091701760,684.02,
1374,236415156309483520,684.01,
345,236811580889108480,683.9,
992,236840905155821568,683.71,
1060,236870993012334592,683.59,
1343,236892323707375616,683.51,
867,236440106407829504,683.46,
1503,236804333983248384,683.44,
885,236924141798174720,683.42,
901,236798110877626368,683.32,
398,236808181393149952,683.28,
692,236461900531507200,683.2,
686,236468263915630592,683.2,
284,236781225675071488,683.15,
1184,236917408031854592,683.02,
450,236780510034550784,682.95,
776,236917926259077120,682.9,
1536,236308594605707264,682.9,
1477,236453617460592640,682.87,
304,236648781969907712,682.72,
1022,236798602194194432,682.56,
1363,236862850081501184,682.53,
1120,236417659021299712,682.5,
877,236499853643362304,682.46,
1489,236530094273208320,682.38,
1527,236867868037763072,682.06,
292,236564457077620736,682.05,
1241,236727455888969728,681.95,
499,236869884692680704,681.94,
491,236503932088107008,681.93,
11,236443625701523456,681.93,
135,236840272910635008,681.8,
1462,236493043293229056,681.66,
822,236826855898365952,681.58,
1039,236823312336445440,681.52,
969,236818731204354048,681.4,
37,236848795576963072,681.35,
1418,236458603703701504,681.25,
329,236444488872509440,681.05,
245,236838143949029376,681.01,
1291,236511329301049344,680.99,
1394,236847452334338048,680.98,
419,236519611218538496,680.91,
1323,236776352367796224,680.88,
299,236545239833657344,680.77,
726,236794609313271808,680.76,
1626,236886895837585408,680.71,
83,236615291035459584,680.71,
477,236478588979253248,680.6,
1301,236781759396073472,680.55,
314,236520387525500928,680.54,
1435,236500205499330560,680.48,
795,236441118736658432,680.45,
570,236474214265659392,680.45,
132,236792969021636608,680.45,
427,236853726073610240,680.42,
243,236954745373728768,680.39,
1296,236618353850474496,680.37,
1213,236473592602714112,680.33,
712,236835864797794304,680.32,
1452,236845815360405504,680.26,
1357,236848765558345728,680.26,
89,236816230623219712,680.25,
225,236287386698932224,680.23,
1723,236831964933918720,680.14,
1272,236496101859418112,680.11,
954,236817662059495424,680.09,
294,236789311232024576,679.95,
551,236417664452927488,679.93,
1375,236421162389225472,679.85,
1727,236442178394001408,679.74,
1594,236517493984223232,679.63,
1391,236815142117445632,679.61,
603,236438481094074368,679.48,
494,236417650276188160,679.45,
872,236391745742987264,679.34,
325,236860784273543168,679.32,
57,236492611963600896,679.29,
81,236518205946347520,679.23,
588,236449938019999744,679.23,
630,236851880449822720,679.22,
63,236635832635121664,679.21,
1695,236524784024297472,679.2,
691,236597708387258368,679.17,
1257,236843095928885248,679.14,
498,236461680317972480,679.02,
365,236629021299331072,678.99,
464,236563765197811712,678.9,
1074,236538568604405760,678.87,
1506,236495158195535872,678.81,
513,236442280395300864,678.75,
324,236425673312837632,678.74,
869,236662241231384576,678.67,
921,236422658803634176,678.63,
948,236863979062308864,678.55,
1076,236802759277953024,678.36,
1625,236575633639481344,678.36,
185,236441555497930752,678.27,
1634,236518407310696448,678.23,
1683,236780004935479296,678.1,
1139,236644758151782400,678.09,
420,236653136525680640,678.02,
66,236778083411570688,677.95,
203,236463243732205568,677.95,
1317,236836918935437312,677.63,
1386,236850687552004096,677.57,
1439,236412470637903872,677.49,
1459,236859291269074944,677.11,
863,236803947687862272,677.1,
1249,236444567356325888,677.01,
330,236939544674975744,676.86,
1508,236411802111991808,676.85,
1380,236424792827764736,676.8,
1138,236540830894542848,676.76,
1128,236559677278130176,676.74,
430,236548909233102848,676.62,
36,236791591180197888,676.58,
181,236659962264690688,676.48,
1048,236880427386159104,676.44,
907,236520389115129856,676.42,
374,236794744772513792,676.3,
789,236437208672243712,676.3,
1393,236808891946000384,675.99,
354,236940304854831104,675.97,
1388,236533630914539520,675.91,
367,236765029684764672,675.87,
104,236508164912586752,675.85,
1611,236924449475538944,675.85,
1331,236583044697837568,675.81,
1640,236444058247503872,675.8,
521,236832223500193792,675.8,
1009,236454024207417344,675.77,
642,236559739085410304,675.67,
676,236565611111002112,675.67,
1232,236540639713976320,675.56,
1447,236420050462445568,675.55,
462,236901849487659008,675.39,
1601,236439264359370752,675.36,
1150,236471383026577408,675.29,
1578,236859420860485632,675.26,
578,236585998326706176,675.25,
1125,236531055070826496,675.21,
392,236410456457633792,675.17,
792,236413270365847552,675.04,
774,236863682197868544,674.99,
1378,236820765190148096,674.94,
1109,236454371067973632,674.92,
581,236456574306500608,674.92,
1127,236541200962174976,674.89,
1080,236899673260449792,674.66,
1342,236907901578919936,674.66,
973,236459971998924800,674.63,
990,236707676742488064,674.62,
971,236474996742443008,674.61,
1044,236498288610119680,674.38,
1277,236856190436917248,674.28,
1293,236778607124959232,674.15,
523,236420147283763200,674.04,
716,236500143654330368,674.0,
734,236543629296422912,673.98,
1112,236823378304454656,673.86,
1360,236829141936640000,673.82,
1651,236879148039548928,673.79,
986,236478154734587904,673.76,
1686,236942378661318656,673.76,
1101,236823038322556928,673.74,
210,236547602350886912,673.73,
1410,236855242469675008,673.57,
4,236485086157475840,673.56,
328,236506449735860224,673.54,
807,236566981247504384,673.44,
724,236399424800579584,673.36,
681,236807341823500288,673.32,
1705,236880656411942912,673.25,
1425,236812632443068416,673.25,
1621,236927646353084416,673.25,
1242,236492333767987200,673.21,
408,236902863221575680,673.14,
906,236759894027948032,673.1,
118,236509350302593024,673.08,
68,236429966157824000,673.03,
274,236461149935636480,672.9,
1589,236584154372263936,672.89,
1433,236427467732553728,672.82,
74,236530955313491968,672.82,
1330,236784142360514560,672.81,
1466,236299472820772864,672.73,
1599,236413336866525184,672.68,
383,236469949631578112,672.63,
7,236471913115303936,672.57,
1376,236849749315555328,672.52,
165,236400694319927296,672.48,
440,236422910164090880,672.47,
729,236417539110363136,672.46,
631,236892179909840896,672.37,
131,236363630635388928,672.36,
220,236525837050454016,672.36,
821,236564781397987328,672.35,
1100,236799551772037120,672.34,
1713,236438630457430016,672.2,
457,236469501537312768,672.13,
1655,236419010115670016,672.05,
423,236802640197464064,672.04,
1600,236808182315892736,671.99,
1542,236959942154137600,671.96,
609,236751973047091200,671.94,
808,236510110931247104,671.92,
515,236916224277635072,671.81,
890,236531376190935040,671.78,
1618,236832061734281216,671.65,
1335,236485556854874112,671.61,
173,236858515201200128,671.45,
339,236723699885547520,671.41,
1142,236558473059909632,671.3,
1333,236277819717980160,671.2,
966,236845010309890048,671.19,
850,236424160775528448,670.94,
246,236423071724486656,670.93,
546,236971437457940480,670.88,
567,236524072213155840,670.84,
611,236829027583139840,670.79,
358,236456210928766976,670.78,
1276,236912777188884480,670.75,
58,236481672358924288,670.74,
495,236449918155755520,670.74,
253,236572603921739776,670.74,
1580,236278271394189312,670.72,
1010,236516264444956672,670.64,
297,236494120419876864,670.62,
1546,236460367970582528,670.47,
937,236553400166666240,670.42,
189,236446892045115392,670.36,
1665,236820593873805312,670.34,
1352,236935399444324352,670.27,
1518,236533613554319360,670.24,
112,236801065299222528,670.17,
682,236789190830342144,669.96,
1476,236786025586253824,669.85,
120,236845395070181376,669.8,
910,236510811543576576,669.76,
855,236800706728177664,669.66,
1677,236883413936115712,669.64,
1284,236465208079966208,669.61,
1278,236899857063235584,669.34,
409,236816596475592704,669.23,
931,236474309098881024,669.21,
983,236503171325235200,669.17,
563,236541150076874752,669.15,
33,236576136796594176,669.1,
1049,236438749391110144,669.06,
448,236671174352322560,668.96,
982,236572595768020992,668.85,
1218,236876462430904320,668.65,
1545,236874144977264640,668.59,
842,236543763665129472,668.54,
612,236539908005060608,668.53,
892,236892238638501888,668.51,
848,236921664751292416,668.33,
828,236517805897822208,668.32,
425,236618675570348032,668.27,
526,236491161900433408,668.2,
1045,236815364818223104,668.17,
1633,236451618597916672,668.16,
913,236891234824105984,668.12,
426,236431407278743552,668.08,
53,236551391963262976,668.04,
45,236572048302280704,668.01,
1274,236872970068844544,668.0,
1326,236906321307783168,667.94,
1158,236445278118883328,667.87,
155,236891221054214144,667.77,
1513,236869969048514560,667.68,
1581,236518839617597440,667.65,
1366,236832037063372800,667.62,
1650,236421135570849792,667.56,
894,236513022440910848,667.37,
87,236502400093396992,667.34,
1390,236496632212381696,667.31,
1739,236526461653626880,667.31,
887,236833513030565888,667.28,
1180,236925177602527232,667.26,
332,236847650200637440,666.97,
146,236943269212733440,666.89,
685,236904677799108608,666.75,
1530,236913390505185280,666.64,
64,236428526928551936,666.63,
1533,236867464826724352,666.54,
1086,236797586115670016,666.5,
1468,236859538472972288,666.49,
502,236477336757219328,666.44,
323,236437504664297472,666.43,
1643,236876097622904832,666.41,
103,236437832432357376,666.4,
1559,236859339088351232,666.4,
455,236870576706691072,666.39,
61,236554781145448448,666.33,
125,236787300918902784,666.31,
1311,236913189916790784,666.28,
947,236426680583344128,666.18,
377,236973268275847168,666.16,
1299,236447868827209728,666.12,
664,236585568536367104,666.09,
111,236933292301504512,665.96,
517,236876173116190720,665.76,
412,236641386128482304,665.76,
801,236761624174137344,665.74,
668,236510795311620096,665.73,
1113,236600302279069696,665.7,
1263,236764779460972544,665.55,
1001,236439036117917696,665.53,
264,236427190652641280,665.4,
1666,236817440415698944,665.21,
1514,236434623991136256,665.12,
393,236459248670228480,665.08,
759,236515748973387776,665.05,
762,236937527650955264,664.91,
557,236886958085251072,664.84,
1082,236842775643435008,664.8,
40,236440861986537472,664.79,
141,236987535934902272,664.78,
152,236502697591181312,664.59,
624,236783722292580352,664.57,
158,236473829190807552,664.51,
209,236859771516891136,664.42,
157,236683265004032000,664.41,
547,236423169778913280,664.41,
418,236991347466719232,664.31,
649,236506427011129344,664.21,
965,236456109267234816,664.19,
1107,236812952728514560,664.09,
1682,236516622793723904,664.07,
266,236859641552179200,664.03,
1313,236891246350045184,663.97,
1141,236806794148065280,663.95,
1573,236507514363457536,663.89,
1079,236468645320462336,663.8,
327,236773330459832320,663.78,
1325,236798082826129408,663.73,
468,236557102160044032,663.68,
95,236953878092333056,663.56,
1722,236458642169671680,663.53,
972,236850270495580160,663.48,
1402,236786878489583616,663.44,
1544,236945535353229312,663.4,
1604,236791469843156992,663.4,
349,236418979732135936,663.27,
548,236807948424712192,663.16,
1143,236474343840309248,663.15,
410,236461964691775488,663.14,
1221,236450013467136000,663.07,
142,236818468464779264,663.03,
569,236513302746259456,662.96,
1228,236407355394764800,662.94,
1385,236519442968219648,662.94,
416,236986613167034368,662.88,
576,236824032930443264,662.81,
838,236901382879711232,662.78,
991,236945953797984256,662.69,
1273,236827921750704128,662.67,
1289,236851238956191744,662.64,
177,236904940215734272,662.6,
1690,236457661201666048,662.55,
923,236834969502633984,662.54,
637,236518018066690048,662.45,
405,236845842799534080,662.39,
259,236812979752415232,662.33,
1202,236457876549812224,662.27,
645,236463413039484928,662.24,
1282,236785335795195904,662.23,
242,236420385474093056,661.83,
728,236451066417786880,661.77,
35,236905042451914752,661.76,
592,236417936004751360,661.74,
646,236462358117498880,661.73,
533,236426781418610688,661.73,
92,236482275499843584,661.68,
1018,236877952226709504,661.58,
635,236659705472638976,661.58,
1355,236412356976459776,661.57,
589,236457642818027520,661.56,
849,236453886005104640,661.4,
591,236304370861887488,661.35,
1306,236443761236262912,661.28,
512,236516027278036992,661.27,
72,236792186490335232,661.25,
799,236499631139729408,661.12,
879,236444939965714432,661.09,
312,236431598048264192,661.08,
1244,236825211416621056,660.97,
1351,236827943900827648,660.88,
843,236947569804595200,660.88,
1103,236831394781224960,660.81,
809,236854203825799168,660.78,
151,236933551043911680,660.75,
97,236838894792359936,660.74,
1608,236846052867055616,660.73,
1334,236429943445659648,660.73,
476,236484564788723712,660.7,
1537,236826557276504064,660.64,
1445,236794982983802880,660.53,
1505,236439241932414976,660.52,
811,236427128375631872,660.39,
1361,236893979920572416,660.31,
224,236946976029556736,660.24,
1171,236511542317170688,659.92,
1166,236453076974182400,659.91,
781,236412626414362624,659.88,
453,236884227475902464,659.84,
1663,236603055655108608,659.83,
827,236361867039621120,659.7,
620,236892232619659264,659.59,
1192,236836624914735104,659.58,
669,236659955205672960,659.56,
138,236784491985125376,659.49,
934,236397968429162496,659.46,
837,236480000505176064,659.43,
775,236428390852730880,659.43,
1279,236808637326569472,659.39,
433,236510837174984704,659.39,
1131,236430960065261568,659.36,
1552,236469198322679808,659.33,
812,236522755805696000,659.32,
1204,236886461437726720,659.24,
1590,236410921526251520,659.13,
882,236439260194430976,659.05,
615,236515615460306944,659.04,
1055,236469469782224896,658.94,
466,236906047444893696,658.88,
308,236991938414788608,658.84,
395,236883182641221632,658.76,
1212,236793853831028736,658.75,
717,236402058156584960,658.68,
1256,236559532423651328,658.66,
1478,236539686654853120,658.46,
454,236828413004365824,658.38,
749,236869069814910976,658.29,
628,236778842320560128,658.18,
956,236464568930938880,658.1,
24,236433609145737216,658.06,
918,236444316742475776,657.92,
1475,236286184129048576,657.89,
1340,236458263973466112,657.85,
819,236778199849635840,657.82,
655,236886239772942336,657.8,
482,236420605368881152,657.75,
1614,236434189423484928,657.75,
29,236877662840696832,657.74,
1072,236522031076089856,657.74,
788,236413845790793728,657.59,
936,236500650728906752,657.46,
1057,236853988817391616,657.45,
708,236464873013792768,657.39,
222,236570163310768128,657.39,
1011,236809504696057856,657.34,
636,236800783530078208,657.32,
305,236785796782759936,657.25,
1557,236544238280003584,657.22,
71,236821286353387520,657.08,
2,236463616316432384,657.06,
876,236779501954547712,657.05,
428,236425345444089856,657.05,
619,236866031838568448,656.99,
1509,236884350520025088,656.97,
0,236419867586600960,656.92,
797,236410725983604736,656.9,
1314,236448076730482688,656.89,
958,236505530864525312,656.87,
13,236808255653306368,656.84,
1568,236478749289746432,656.78,
60,236987605203828736,656.73,
1560,236874171602710528,656.69,
508,236822252821700608,656.64,
100,236971507599302656,656.59,
1287,236631679145877504,656.59,
981,236916393610072064,656.51,
105,236872609744572416,656.47,
856,236456827806031872,656.45,
723,236856950058917888,656.44,
402,236804528523452416,656.33,
833,236460637974708224,656.33,
1021,236461247696478208,656.24,
1182,236953487179014144,656.2,
1734,236429700759044096,656.19,
1709,236798730183401472,656.16,
18,236417177884307456,656.13,
1322,236832793283813376,656.09,
128,236903390839840768,656.08,
1588,236787854667694080,656.06,
1066,236514290957815808,656.03,
326,236490278928130048,655.88,
467,236848872584388608,655.82,
188,236556533022347264,655.78,
197,236563850845507584,655.74,
1144,236915641235820544,655.7,
1046,236441023207198720,655.7,
935,236788096762908672,655.65,
741,236450905817890816,655.6,
535,236664779259273216,655.58,
545,236516619803172864,655.52,
1718,236893314322272256,655.42,
1222,236526591291166720,655.38,
289,236471519341461504,655.3,
70,236864551341547520,655.26,
232,236826094258892800,655.17,
823,236831876878708736,655.15,
67,236413084574961664,655.06,
122,236603837406269440,655.0,
1254,236905815453749248,654.98,
1083,236499024077139968,654.94,
1029,236380955543613440,654.93,
1571,236952388585918464,654.89,
1681,236511513732993024,654.78,
752,236300081204563968,654.64,
1463,236633969919533056,654.61,
460,236565383205097472,654.55,
553,236773308406181888,654.5,
238,236828320092147712,654.5,
1092,236466942542098432,654.49,
154,236832325560176640,654.48,
1373,236501871602716672,654.46,
1316,236458526566277120,654.35,
785,236458516051144704,654.35,
1623,236508821283430400,654.34,
1714,236489111376510976,654.33,
1706,236588593040596992,654.1,
1728,236544988250910720,654.07,
679,236525973642166272,654.03,
249,236781977797672960,653.98,
952,236908694650499072,653.97,
342,236925269944324096,653.91,
1555,236415250526121984,653.89,
21,236457782681288704,653.86,
530,236520291815657472,653.76,
1346,236848385655050240,653.65,
525,236916312920055808,653.56,
233,236414810057089024,653.42,
896,236841654216581120,653.42,
650,236528328471220224,653.35,
784,236510109672947712,653.31,
1703,236928569380966400,653.3,
270,236553652688924672,653.28,
1701,236733508538081280,653.23,
1035,236763094298660864,653.15,
194,236884431168094208,653.13,
949,236881852702924800,653.09,
15,236488620567441408,653.06,
1628,236823937686179840,653.06,
1515,236456701171621888,652.94,
1191,236440127807176704,652.88,
979,236773454300848128,652.82,
832,236514013932429312,652.79,
77,236422389307035648,652.53,
1535,236888059790516224,652.44,
364,236836030967726080,652.32,
198,236788306054500352,652.31,
1602,236877349010300928,652.29,
5,236770280525541376,652.26,
568,236521678528077824,652.23,
540,236529963062796288,652.16,
1492,236821608824053760,652.11,
459,236535368862154752,652.11,
497,236568826900656128,652.09,
1050,236506962581807104,652.06,
307,236864575714631680,652.06,
1575,236514022119710720,652.05,
601,236967208207007744,652.0,
435,236523063478865920,651.93,
768,236843965416488960,651.86,
835,236818942463053824,651.8,
202,236874197569654784,651.77,
163,236778119226728448,651.62,
290,236527032997535744,651.61,
1028,236430944772829184,651.58,
1264,236451887272443904,651.57,
614,236811474714497024,651.54,
429,236794869230088192,651.51,
943,236559537783988224,651.46,
451,236770928851705856,651.43,
1396,236488181339938816,651.43,
1415,236462409359298560,651.35,
1738,236892230015008768,651.31,
504,236413363076739072,651.24,
1275,236527945543856128,651.18,
376,236899684257902592,651.17,
1645,236489824991207424,651.17,
1253,236512266904150016,651.03,
720,236986087381667840,651.0,
509,236529980662112256,650.93,
470,236440017211772928,650.84,
1631,236800046620237824,650.77,
390,236506702421696512,650.72,
970,236505593846181888,650.68,
984,236813515818012672,650.67,
737,236870087378231296,650.61,
149,236518885708808192,650.6,
394,236949314844766208,650.58,
1234,236955283364528128,650.57,
1658,236510728836108288,650.53,
905,236884320203575296,650.47,
1584,236451157933314048,650.46,
1471,236568264121536512,650.44,
1607,236579925045821440,650.43,
1,236671016625520640,650.42,
1329,236856496579174400,650.35,
1499,236472468692803584,650.31,
651,236451580408770560,650.29,
302,236447461220573184,650.29,
78,236453363935875072,650.26,
541,236864867776606208,650.2,
277,236422236982501376,650.17,
599,236422676956594176,650.16,
1641,236894266257321984,650.12,
1654,236668562466947072,650.06,
115,236547924116910080,650.03,
761,236513603507204096,649.99,
1451,236537621304053760,649.9,
1550,236803377640001536,649.86,
996,236936035078512640,649.85,
3,236561792625029120,649.84,
1336,236847154488426496,649.81,
1205,236839147335602176,649.78,
580,236548152823930880,649.75,
348,236880465101344768,649.73,
1443,236417359329898496,649.68,
1387,236408655809372160,649.68,
1399,236949660455407616,649.66,
43,236439251482849280,649.52,
384,236443920431079424,649.48,
369,236512530381946880,649.46,
1464,236940790840434688,649.44,
718,236526000154353664,649.38,
479,236537904297947136,649.35,
1210,236510721533808640,649.33,
963,236404764493488128,649.33,
1178,236424255268999168,649.25,
1069,236511720570888192,649.22,
888,236403329756307456,649.12,
1585,236524564490240000,649.11,
878,236505641879363584,649.09,
1008,236376081028370432,649.07,
38,236522468168704000,649.04,
372,236542845984976896,648.89,
1188,236857573538009088,648.86,
505,236791067177402368,648.85,
951,236879131950194688,648.82,
1736,236939214985904128,648.8,
1170,236582445054955520,648.79,
357,236764390959366144,648.7,
1132,236884055542996992,648.7,
1189,236445886288773120,648.65,
407,236436215805005824,648.56,
1071,236369944182792192,648.54,
1215,236423401187074048,648.43,
485,236786780946845696,648.41,
667,236824576789061632,648.39,
247,236433012543741952,648.39,
86,236436493191102464,648.38,
240,236427373788536832,648.36,
1319,236487288632655872,648.33,
437,236783097928486912,648.28,
415,236786663049154560,648.2,
255,236423148824178688,648.13,
1108,236445545086332928,648.1,
1667,236923999766462464,647.97,
1037,236808197042081792,647.92,
1412,236857340389236736,647.87,
893,236533515403415552,647.82,
140,236784236476502016,647.73,
42,236810022742933504,647.69,
1438,236523414424674304,647.66,
434,236415344168153088,647.61,
1104,236818320892375040,647.37,
1243,236834110496579584,647.21,
1163,236823032593133568,647.09,
1324,236867489971593216,647.05,
791,236916918774681600,646.97,
313,236735871478935552,646.96,
766,236511150057463808,646.92,
441,236794233029668864,646.89,
1167,236785609809084416,646.76,
31,236430472531951616,646.72,
564,236539713724891136,646.66,
1405,236433721066532864,646.63,
1201,236648327072460800,646.62,
1687,236403531321970688,646.57,
583,236834040963420160,646.43,
1434,236519005196148736,646.42,
1551,236411499358728192,646.4,
1145,236474661139406848,646.36,
1155,236483062128975872,646.31,
658,236916132703383552,646.23,
1179,236419670580137984,646.22,
1015,236545584513179648,646.22,
1344,236918661780606976,646.2,
556,236434457234006016,646.18,
939,236556766095618048,646.18,
355,236440893343141888,646.16,
1111,236418916121321472,646.14,
1669,236919614923624448,646.08,
381,236700742803005440,645.93,
1153,236823322755084288,645.85,
1087,236531087660572672,645.8,
554,236863653747892224,645.7,
1612,236835022585733120,645.64,
909,236790811706544128,645.64,
1034,236868197479370752,645.63,
1708,236870088389046272,645.62,
16,236794007053156352,645.62,
1159,236418042124832768,645.61,
168,236848286656901120,645.5,
730,236864147081940992,645.47,
480,236839885759586304,645.44,
1436,236875499087347712,645.31,
582,236426125307813888,645.27,
1407,236896370178924544,645.25,
187,236452764964098048,645.25,
987,236443619309408256,645.19,
1416,236544186723606528,645.15,
684,236467686771007488,645.13,
1056,236875736027770880,645.12,
859,236480355880161280,645.04,
804,236506374632660992,645.03,
1364,236787541286076416,644.83,
608,236853918550204416,644.82,
875,236528094148046848,644.8,
1196,236581488309067776,644.74,
1731,236437981565034496,644.73,
756,236907714777190400,644.54,
860,236794848896098304,644.52,
1085,236846331477897216,644.41,
458,236453065427279872,644.35,
1570,236430612936286208,644.35,
1426,236519275087007744,644.32,
108,236439211079114752,644.28,
731,236847762599583744,644.22,
666,236420611349958656,644.17,
260,236516125248593920,644.14,
733,236591810977746944,644.13,
1377,236411319687340032,644.1,
670,236830661864345600,644.05,
1437,236419174712745984,644.03,
1454,236898141248962560,644.03,
1238,236652918358937600,643.99,
500,236555901725057024,643.95,
169,236552034157334528,643.94,
195,236337404352929792,643.94,
1649,236429317751975936,643.84,
161,236505474224627712,643.82,
1615,236784122928304128,643.77,
598,236463655877107712,643.73,
1598,236538635767783424,643.65,
854,236571638074200064,643.62,
489,236554847054749696,643.59,
309,236508485235785728,643.51,
889,236840898595917824,643.49,
1620,236467684925517824,643.38,
1236,236488239359737856,643.34,
1096,236480463476633600,643.21,
406,236851328294866944,643.12,
1504,236873778109898752,643.09,
257,236871839406100480,642.96,
382,236469392477020160,642.86,
1005,236800875846701056,642.85,
1239,236960360028459008,642.84,
1229,236417761794347008,642.77,
1081,236460162118332416,642.71,
386,236902587865513984,642.68,
51,236750605188091904,642.58,
1586,236845176655982592,642.57,
1114,236551055458459648,642.5,
606,236536517820428288,642.45,
145,236544725410648064,642.43,
1562,236436316917075968,642.39,
1517,236496626696851456,642.31,
595,236467690466189312,642.26,
1467,236503103645962240,642.11,
805,236889144827580416,642.03,
205,236417445048897536,642.02,
950,236463411797954560,642.0,
469,236789714992517120,641.93,
1398,236652331873615872,641.9,
380,236868784967139328,641.84,
39,236899124024713216,641.71,
1501,236450067389108224,641.66,
1073,236907476389744640,641.64,
897,236588018924265472,641.62,
711,236560610171052032,641.6,
633,236821023232122880,641.49,
1267,236478235852410880,641.47,
753,236912644938280960,641.47,
1668,236463013250998272,641.46,
422,236802555510263808,641.45,
56,236525205296013312,641.32,
214,236453596275167232,641.23,
1053,236415051204419584,641.13,
1565,236298311858413568,641.08,
379,236787945960914944,641.03,
561,236483799043026944,641.03,
1549,236822272379719680,641.02,
1521,236783918548262912,640.99,
929,236764539005706240,640.95,
1702,236857362434506752,640.92,
871,236428584767995904,640.74,
1700,236785914990825472,640.73,
852,236790311279935488,640.71,
1470,236924461324447744,640.69,
520,236905518660587520,640.63,
1032,236557249937948672,640.59,
802,236892999514611712,640.58,
1486,236883503958482944,640.53,
461,236626018471264256,640.52,
1054,236499696684130304,640.43,
156,236876890803560448,640.39,
196,236915659250356224,640.38,
825,236900223469232128,640.19,
490,236601538860568576,640.17,
1294,236427852291510272,640.14,
1583,236417041535868928,640.1,
1572,236937624379990016,640.0,
296,236780828680015872,639.98,
632,236824637535166464,639.93,
1481,236430225218998272,639.89,
1012,236800746070740992,639.86,
484,236846330756489216,639.84,
1207,236720210568548352,639.79,
873,236859563571691520,639.77,
1176,236530883662192640,639.69,
190,236780512299470848,639.69,
1495,236455086398124032,639.56,
80,236472870100275200,639.54,
1673,236948633475883008,639.52,
315,236833941424193536,639.51,
251,236786218113196032,639.48,
738,236461968391155712,639.48,
858,236520115214508032,639.48,
1496,236847022623707136,639.45,
713,236418657542479872,639.31,
531,236631382965108736,639.23,
206,236623487703732224,639.22,
385,236489097237516288,639.18,
1341,236425269221007360,639.16,
46,236812464767381504,639.14,
710,236445299434344448,639.13,
85,236757093621190656,639.13,
707,236422910474477568,639.03,
1117,236577023216590848,639.0,
736,236494295586586624,638.97,
1097,236485249529815040,638.88,
1260,236536651736178688,638.87,
853,236453222667526144,638.82,
1696,236417539118739456,638.8,
234,236583789283258368,638.77,
1692,236837626900398080,638.66,
439,236776844628074496,638.52,
269,236415623500419072,638.49,
1494,236553934885896192,638.48,
1318,236837190692769792,638.35,
160,236416269259640832,638.3,
1064,236956641710837760,638.25,
1493,236508492085084160,638.2,
780,236669766831984640,638.09,
656,236551002215944192,637.99,
1442,236482443297169408,637.98,
772,236885699303313408,637.95,
964,236885645737869312,637.91,
687,236893696960241664,637.86,
180,236457374927835136,637.81,
166,236855228037083136,637.73,
1507,236440508675145728,637.63,
347,236807649953845248,637.63,
1395,236900787439554560,637.57,
1491,236870810748862464,637.55,
331,236874328809431040,637.54,
144,236428839513239552,637.52,
665,236429476527366144,637.48,
254,236484804698722304,637.41,
1591,236530514806714368,637.36,
336,236449951731159040,637.34,
1268,236502264265068544,637.33,
1233,236531851221028864,637.31,
1502,236710531964612608,637.3,
413,236875879053549568,637.29,
1123,236517770174926848,637.29,
693,236609526274998272,637.27,
1381,236534861519130624,637.12,
922,236535884606361600,637.1,
400,236779412062216192,637.07,
944,236942660564692992,637.05,
1198,236862811644891136,636.97,
431,236549256575995904,636.93,
817,236873280388603904,636.88,
826,236484528587685888,636.87,
1512,236830146589908992,636.8,
370,236868324088627200,636.75,
378,236405784321732608,636.54,
902,236795131109847040,636.49,
511,236406681168785408,636.43,
1226,236437737276203008,636.43,
82,236517522429992960,636.37,
1266,236491276929216512,636.26,
1231,236517942393065472,636.17,
366,236481884586512384,636.09,
96,236383562148368384,635.99,
1337,236507483917012992,635.89,
1247,236506759048990720,635.78,
219,236824992348131328,635.77,
421,236419141393207296,635.75,
549,236486815938797568,635.73,
518,236876040643289088,635.64,
641,236944797508050944,635.55,
1653,236780987598004224,635.52,
276,236509952889856000,635.46,
1579,236891232815034368,635.45,
798,236845829360992256,635.32,
175,236441848981762048,635.25,
1027,236438476094464000,635.09,
862,236482804523216896,635.08,
1460,236912107341758464,635.04,
928,236533625919119360,635.02,
960,236857760977281024,634.94,
1130,236419887576666112,634.87,
1135,236980515898929152,634.86,
542,236285236061151232,634.8,
722,236820503092277248,634.64,
1371,236481866035109888,634.6,
678,236410472710541312,634.4,
993,236539669055553536,634.23,
10,236944941792120832,634.22,
363,236897013836816384,634.15,
1698,236821893957042176,634.08,
765,236847562132836352,633.69,
1730,236529509960540160,633.51,
456,236901242819330048,633.46,
1587,236747107859980288,633.42,
1077,236475951668027392,633.41,
343,236512959996104704,633.4,
930,236460841511694336,633.4,
49,236598775724384256,633.31,
275,236800122524549120,633.3,
689,236515498456006656,633.22,
1593,236432581335724032,633.1,
375,236524216962797568,633.09,
604,236863678213283840,633.01,
1252,236444324065710080,633.01,
974,236517490611994624,632.99,
524,236416975257481216,632.95,
940,236873161417183232,632.93,
528,236503428415102976,632.93,
510,236924102887616512,632.86,
1271,236785544256299008,632.82,
1203,236513198542970880,632.82,
226,236814544827584512,632.68,
193,236878653292040192,632.63,
1084,236454848954376192,632.6,
1013,236528150674690048,632.59,
44,236506445495422976,632.58,
1532,236478235525275648,632.54,
841,236835609465348096,632.46,
1281,236463930604003328,632.42,
771,236420571097214976,632.41,
654,236918591555391488,632.41,
411,236876581511389184,632.31,
1090,236476005854228480,632.3,
1676,236475224811917312,632.29,
9,236553633030221824,632.2,
770,236466537594630144,632.2,
1553,236617940904448000,632.18,
550,236426114973057024,632.15,
371,236412491080945664,632.12,
985,236481090931937280,632.09,
1455,236492479947882496,632.09,
88,236476233583972352,632.08,
959,236827660529446912,632.06,
920,236901681870680064,632.0,
1441,236527826203336704,631.98,
777,236965653894414336,631.97,
663,236473207565602816,631.95,
757,236867295607533568,631.92,
1523,236424462178201600,631.91,
538,236508883828879360,631.89,
483,236544596930736128,631.87,
560,236477404268740608,631.84,
32,236923983446429696,631.8,
286,236792337179107328,631.76,
1047,236581192174428160,631.67,
351,236830873177579520,631.67,
1332,236369470968840192,631.66,
338,236779695932727296,631.6,
883,236900045915963392,631.58,
1116,236806216764375040,631.56,
1735,236429757898035200,631.56,
933,236788547373780992,631.52,
1678,236578705266720768,631.48,
575,236601269582061568,631.41,
99,236433303750066176,631.39,
814,236837009729540096,631.39,
794,236439008838160384,631.34,
1308,236495375888289792,631.19,
1603,236444412116742144,631.16,
1031,236797150432346112,631.16,
213,236874603792191488,631.02,
228,236470742736719872,631.01,
23,236413813498863616,630.97,
1059,236860970223816704,630.9,
1175,236626825618923520,630.81,
1359,236502328194633728,630.76,
754,236627490927828992,630.71,
1596,236482282357534720,630.63,
1704,236490852776030208,630.6,
1421,236885642709573632,630.59,
79,236509391859765248,630.45,
59,236549858928373760,630.4,
1498,236454936158146560,630.37,
1258,236817227152105472,630.29,
977,236936559584616448,630.25,
217,236440781724323840,630.2,
607,236480635359211520,630.2,
925,236432967681449984,630.11,
1717,236891737293328384,630.06,
443,236933057563086848,630.02,
